{
  "kernel": {
    "last_fetch": 1729201461.4060543,
    "last_checkout": 1729201461.4060543
  },
  "projects/musllibc": {
    "last_fetch": 1729201461.4060543,
    "last_checkout": 1729201461.4060543
  },
  "projects/seL4_libs": {
    "last_fetch": 1729201461.4060543,
    "last_checkout": 1729201461.4060543
  },
  "projects/sel4_projects_libs": {
    "last_fetch": 1729201461.4060543,
    "last_checkout": 1729201461.4060543
  },
  "projects/sel4runtime": {
    "last_fetch": 1729201461.4060543,
    "last_checkout": 1729201461.4060543
  },
  "projects/sel4test": {
    "last_fetch": 1729201461.4060543,
    "last_checkout": 1729201461.4060543
  },
  "projects/util_libs": {
    "last_fetch": 1729201461.4060543,
    "last_checkout": 1729201461.4060543
  },
  "tools/nanopb": {
    "last_fetch": 1729201461.4060543,
    "last_checkout": 1729201461.4060543
  },
  "tools/opensbi": {
    "last_fetch": 1729201461.4060543,
    "last_checkout": 1729201461.4060543
  },
  "tools/seL4": {
    "last_fetch": 1729201461.4060543,
    "last_checkout": 1729201461.4060543
  }
}