{
  "seL4.git": 3.5437569618225098,
  "musllibc.git": 7.239041328430176,
  "seL4_libs.git": 2.115797519683838,
  "sel4_projects_libs": 2.1288342475891113,
  "sel4runtime.git": 1.7153229713439941,
  "sel4test.git": 2.096433162689209,
  "util_libs.git": 2.576003313064575,
  "nanopb": 2.1779539585113525,
  "opensbi": 1.990861177444458,
  "seL4_tools.git": 2.8284754753112793
}